val_Gender_acc,val_SER_acc,train_acc_GENDER,train_acc_SER,train_loss,val_loss,ua_train,ua_eval
0.5133241758241759,0.3133928571428571,0.5194158075601374,0.31752577319587627,346.72913,345.89542,0.2628793843180913,0.2628793843180913
0.5155219780219781,0.3140796703296704,0.5186426116838487,0.3161512027491409,344.34058,344.0787,0.2610531183241191,0.2610531183241191
0.5175137362637362,0.31421703296703296,0.52053264604811,0.31529209621993126,341.4001,344.9031,0.2600337668811344,0.2600337668811344
0.5166895604395604,0.3200549450549451,0.5199312714776632,0.31752577319587627,341.3591,345.48117,0.2622844240234865,0.2622844240234865
0.5187499999999999,0.3136675824175824,0.527319587628866,0.3167525773195876,341.28073,342.88574,0.261332892808669,0.261332892808669
0.5239010989010989,0.31366758241758247,0.5305841924398624,0.3189003436426117,339.9089,343.2919,0.2643178015254165,0.2643178015254165
0.5210164835164836,0.31991758241758245,0.5296391752577319,0.32018900343642615,340.86557,343.10645,0.2648922212854036,0.2648922212854036
0.5171016483516483,0.3182005494505495,0.5295532646048111,0.31950171821305845,340.49197,342.08087,0.2644971010136426,0.2644971010136426
0.5187499999999999,0.3158653846153846,0.515721649484536,0.3183848797250859,341.09833,342.11304,0.263206291043712,0.263206291043712
0.8003434065934065,0.2876373626373626,0.5394329896907217,0.32053264604811,335.845,330.57745,0.2657807988813968,0.2657807988813968
0.886401098901099,0.32445054945054946,0.8606529209621994,0.313573883161512,212.09123,175.64148,0.2677321427790799,0.2677321427790799
0.8568681318681319,0.32032967032967036,0.8799828178694158,0.3154639175257732,183.18329,198.04453,0.26558288842059563,0.26558288842059563
0.8766483516483515,0.2980769230769231,0.8837628865979381,0.3140034364261169,178.61418,185.50023,0.2625264352148018,0.2625264352148018
0.8730769230769233,0.30432692307692305,0.8897766323024056,0.3138316151202749,172.43245,190.98868,0.262184862586206,0.262184862586206
0.8638049450549449,0.32403846153846155,0.8628865979381444,0.3186426116838487,191.6359,186.11256,0.26632924567019767,0.26632924567019767
0.5855082417582417,0.30068681318681323,0.8558419243986256,0.3053264604810997,198.79309,323.5455,0.257745813737986,0.257745813737986
0.8450549450549449,0.30274725274725267,0.6947594501718213,0.3211340206185567,271.71417,235.79007,0.26736733562707765,0.26736733562707765
0.8432692307692307,0.3168269230769231,0.8512027491408933,0.32396907216494847,212.2921,213.12207,0.2733265797202666,0.2733265797202666
0.8686126373626374,0.3149038461538461,0.8605670103092784,0.30790378006872854,198.23022,204.20505,0.2599926652419269,0.2599926652419269
0.8569368131868133,0.304739010989011,0.8682989690721651,0.31812714776632306,194.72267,204.96228,0.26730994531767804,0.26730994531767804
0.8995192307692307,0.3199862637362637,0.8759450171821306,0.31400343642611683,184.83775,162.18858,0.2640581788660842,0.2640581788660842
0.8874313186813187,0.31950549450549454,0.88840206185567,0.3170103092783505,173.9683,169.30443,0.2649548145831376,0.2649548145831376
0.9048763736263735,0.3167582417582418,0.884364261168385,0.30876288659793816,176.5629,157.31076,0.2585210525365836,0.2585210525365836
0.9057005494505493,0.32383241758241754,0.8932130584192438,0.3184707903780069,168.62254,158.86687,0.2680371997825352,0.2680371997825352
0.9021291208791208,0.31723901098901097,0.8937285223367697,0.30773195876288656,170.01096,159.80931,0.2594126411949326,0.2594126411949326
0.9038461538461539,0.32472527472527474,0.8913230240549829,0.31314432989690727,171.49785,159.95735,0.26156116815449393,0.26156116815449393
0.9070741758241759,0.3288461538461539,0.8904639175257731,0.31658075601374575,171.15744,158.20024,0.26814543803555246,0.26814543803555246
0.5833104395604395,0.3223214285714286,0.690635738831615,0.31726804123711344,274.63104,319.69534,0.26704947854637556,0.26704947854637556
0.5192994505494505,0.317651098901099,0.5965635738831615,0.30945017182130585,317.44244,349.85324,0.2598925260875523,0.2598925260875523
0.5030906593406594,0.32232142857142854,0.5254295532646048,0.31881443298969075,339.63696,342.78497,0.2664105894122859,0.2664105894122859
0.5164148351648351,0.3137362637362638,0.5170962199312714,0.32560137457044674,339.752,343.35696,0.27032738586983507,0.27032738586983507
0.5035714285714286,0.3199862637362637,0.5164089347079038,0.3185567010309278,339.39355,339.90793,0.2675671062028483,0.2675671062028483
0.5196428571428572,0.29745879120879115,0.5200171821305841,0.31597938144329896,339.94226,346.30438,0.26270245325544606,0.26270245325544606
0.5232829670329671,0.3184752747252747,0.5175257731958763,0.315893470790378,339.56415,343.4836,0.2645265973075552,0.2645265973075552
0.5164148351648351,0.320260989010989,0.5160652920962199,0.3167525773195876,339.12344,346.0917,0.26429094005196085,0.26429094005196085
0.5186813186813187,0.318543956043956,0.5304123711340206,0.31890034364261166,338.6768,342.83575,0.2677908217341561,0.2677908217341561
0.5182692307692307,0.31359890109890104,0.5186426116838487,0.32285223367697596,340.10663,346.10614,0.26808029302779185,0.26808029302779185
0.51875,0.3140796703296704,0.5170962199312714,0.31907216494845364,340.00186,342.23615,0.26840960857894297,0.26840960857894297
0.5192307692307693,0.31998626373626377,0.5249140893470791,0.313573883161512,339.24512,342.80832,0.261680922353984,0.261680922353984
0.5138049450549451,0.31318681318681324,0.5232817869415808,0.3073024054982818,339.43494,342.3667,0.2584829659500817,0.2584829659500817
0.5182692307692308,0.29979395604395603,0.527319587628866,0.32250859106529206,339.38638,349.12186,0.26947444559427325,0.26947444559427325
0.5182692307692307,0.31771978021978026,0.5256013745704466,0.3211340206185567,339.4298,344.6577,0.2720323494491984,0.2720323494491984
0.5050137362637364,0.3149725274725275,0.5236254295532646,0.32628865979381444,339.17505,343.04486,0.2717451150900639,0.2717451150900639
0.5199862637362638,0.32355769230769227,0.5187285223367699,0.32053264604811,339.9143,341.25674,0.26770978536452644,0.26770978536452644
0.51875,0.31627747252747246,0.5196735395189003,0.31838487972508595,339.3348,340.19363,0.26689181816915464,0.26689181816915464
0.5155219780219781,0.3199862637362637,0.5235395189003437,0.3236254295532646,339.65616,340.7217,0.2686326478989601,0.2686326478989601
0.5021978021978022,0.3194368131868132,0.5289518900343643,0.32611683848797246,339.25613,346.26547,0.2707883193799478,0.2707883193799478
0.5210851648351648,0.3185439560439561,0.5254295532646048,0.32457044673539515,339.38928,344.2356,0.270030323788168,0.270030323788168
0.5160714285714285,0.32259615384615387,0.5179553264604811,0.32027491408934705,339.29016,343.6526,0.2680077490341875,0.2680077490341875
0.5210851648351648,0.31820054945054943,0.5168384879725085,0.31881443298969075,339.65475,344.9157,0.26703883172805615,0.26703883172805615
0.5164835164835165,0.32026098901098893,0.5308419243986253,0.32113402061855667,339.35117,341.08658,0.27006182308154625,0.27006182308154625
0.5186126373626374,0.32307692307692315,0.5198453608247422,0.3161512027491409,339.42908,345.92926,0.2653144910289627,0.2653144910289627
0.5197115384615385,0.32527472527472534,0.5239690721649484,0.3238831615120275,340.17102,344.13132,0.26875705188942206,0.26875705188942206
0.5027472527472527,0.3181318681318682,0.5294673539518899,0.320360824742268,339.33936,340.0861,0.2693438886062432,0.2693438886062432
0.5220467032967033,0.32252747252747244,0.5265463917525773,0.31726804123711344,339.15533,346.8514,0.2687341349079335,0.2687341349079335
0.5174450549450549,0.3195054945054944,0.5211340206185567,0.3237113402061855,339.23767,343.14874,0.2707832273533113,0.2707832273533113
0.5202609890109889,0.3024038461538461,0.5303264604810997,0.322766323024055,340.0624,344.0704,0.26886377833692027,0.26886377833692027
0.5131868131868133,0.32390109890109897,0.5188144329896908,0.32276632302405495,339.99933,347.70865,0.27147634433220663,0.27147634433220663
0.5168956043956044,0.32568681318681314,0.5127147766323024,0.3154639175257732,339.57297,345.12006,0.26293702107061817,0.26293702107061817
0.522870879120879,0.3208104395604396,0.520446735395189,0.32268041237113404,339.30255,342.83276,0.2710403062833166,0.2710403062833166
0.5036401098901099,0.3181318681318682,0.5348797250859106,0.32697594501718213,339.05252,340.05386,0.2719480111431957,0.2719480111431957
0.5205357142857142,0.32122252747252755,0.5323883161512027,0.31752577319587627,338.94708,345.4988,0.2645608867733878,0.2645608867733878
0.5054258241758242,0.32026098901098904,0.5313573883161512,0.32740549828178694,339.03903,345.63895,0.27203054281990297,0.27203054281990297
0.5165521978021977,0.32218406593406596,0.5241408934707904,0.32637457044673535,339.4818,342.22052,0.27113641043222686,0.27113641043222686
0.5192307692307693,0.3239697802197803,0.5217353951890035,0.31778350515463916,339.22382,341.53876,0.2650522790947384,0.2650522790947384
0.5186813186813187,0.31668956043956037,0.5241408934707904,0.3201030927835052,339.0846,347.29047,0.2679544102692842,0.2679544102692842
0.513804945054945,0.3198489010989011,0.5278350515463917,0.3232817869415807,338.9279,345.02322,0.26969274123769477,0.26969274123769477
0.5182692307692307,0.3253434065934066,0.5239690721649485,0.3219931271477663,339.4602,344.18277,0.26868750241914174,0.26868750241914174
0.5206043956043956,0.32864010989010994,0.5315292096219931,0.31529209621993126,339.19064,340.6141,0.26453194375801853,0.26453194375801853
0.5177884615384616,0.32582417582417583,0.5240549828178693,0.3274914089347079,338.98425,345.31494,0.27248549522347676,0.27248549522347676
0.5192994505494506,0.3198489010989011,0.5173539518900343,0.32233676975945014,339.46777,343.06876,0.2696904223480287,0.2696904223480287
0.5195741758241759,0.3207417582417582,0.5180412371134021,0.3274914089347079,339.2453,342.05637,0.2721420175119793,0.2721420175119793
0.5017857142857143,0.3185439560439561,0.5243127147766323,0.31623711340206184,338.72833,343.15863,0.2670387742520323,0.2670387742520323
0.5178571428571429,0.3244505494505496,0.5307560137457045,0.3214776632302406,339.7211,345.51788,0.27061780770974675,0.27061780770974675
0.5160714285714286,0.3243131868131868,0.5315292096219931,0.3270618556701031,339.0355,341.52725,0.27146864254188685,0.27146864254188685
0.5210164835164834,0.31730769230769235,0.5066151202749142,0.3207903780068728,339.3819,339.61908,0.2688400423002354,0.2688400423002354
0.518337912087912,0.32623626373626374,0.5230240549828179,0.3280068728522337,338.95157,344.98447,0.27256640866035914,0.27256640866035914
0.5182005494505495,0.32211538461538464,0.527319587628866,0.3236254295532646,338.81607,342.17578,0.2704957596367739,0.2704957596367739
0.5259615384615385,0.3230082417582418,0.5275773195876289,0.32585910652920963,338.59564,338.8545,0.27082736507105803,0.27082736507105803
0.5182692307692307,0.30027472527472526,0.5505154639175257,0.32783505154639175,337.61273,331.47144,0.28053755160149524,0.28053755160149524
0.9008241758241758,0.31771978021978026,0.770446735395189,0.32242268041237115,238.93909,142.4246,0.27348886989612015,0.27348886989612015
0.8962912087912089,0.32390109890109897,0.8645189003436426,0.31907216494845364,197.08202,155.82722,0.26850459424030737,0.26850459424030737
0.899381868131868,0.3293956043956044,0.8718213058419242,0.3231099656357388,183.41579,174.95992,0.27324463830933554,0.27324463830933554
0.8940934065934064,0.3396978021978022,0.8362542955326461,0.3231099656357388,221.52657,231.73355,0.27166440201370134,0.27166440201370134
0.9070054945054945,0.3350961538461538,0.88393470790378,0.33238831615120273,168.68268,147.35506,0.2804692880635787,0.2804692880635787
0.9182692307692308,0.3350961538461538,0.9045532646048109,0.34613402061855664,136.22356,114.67369,0.2979509808421729,0.2979509808421729
0.92135989010989,0.3423763736263736,0.8911512027491408,0.33702749140893473,157.73761,127.74028,0.2853278454894366,0.2853278454894366
0.8819368131868132,0.3457417582417582,0.902319587628866,0.3342783505154639,130.04367,139.80197,0.28283003164345866,0.28283003164345866
0.9311126373626373,0.3271291208791209,0.911512027491409,0.3429553264604811,119.49817,105.35213,0.29306809139060574,0.29306809139060574
0.9280906593406593,0.29951923076923076,0.9279209621993127,0.343213058419244,108.2764,95.80208,0.29035888059772863,0.29035888059772863
0.9379120879120878,0.30322802197802196,0.9217353951890034,0.33659793814432987,105.20854,93.20534,0.2838184945476324,0.2838184945476324
0.9339285714285713,0.32534340659340666,0.922766323024055,0.3445876288659794,100.911255,94.339554,0.2927641056774138,0.2927641056774138
0.9391483516483518,0.34182692307692303,0.9192439862542956,0.3348797250859107,106.01572,90.82018,0.2847365063935319,0.2847365063935319
0.9468406593406594,0.32925824175824175,0.936340206185567,0.3354810996563574,89.818794,83.53038,0.2833144063258894,0.2833144063258894
0.9419642857142857,0.33736263736263744,0.9285223367697594,0.3458762886597938,95.04252,90.13519,0.29256084876614924,0.29256084876614924
0.9110576923076923,0.30528846153846156,0.9348797250859107,0.35266323024054985,81.57556,97.84348,0.2970674725140843,0.2970674725140843
0.9258241758241758,0.3414148351648351,0.9135738831615121,0.35146048109965633,97.938416,85.449356,0.29676871821812706,0.29676871821812706
0.9526785714285715,0.33784340659340667,0.9437285223367698,0.34716494845360824,72.95005,77.49561,0.2964971099812512,0.2964971099812512
0.9575549450549449,0.33152472527472526,0.9496563573883161,0.34286941580756014,72.87514,68.17837,0.29045648001312596,0.29045648001312596
0.9642857142857144,0.340315934065934,0.9599656357388315,0.334020618556701,63.947014,63.73947,0.28368966676112506,0.28368966676112506
0.9544642857142858,0.33598901098901107,0.9631443298969072,0.3394329896907216,56.52137,63.637062,0.289197293383996,0.289197293383996
0.959271978021978,0.3364697802197802,0.961340206185567,0.3438144329896907,54.171375,61.349426,0.2906950748936533,0.2906950748936533
0.9553571428571429,0.3305631868131868,0.9609106529209621,0.34475945017182125,63.900658,75.44581,0.2915039844634069,0.2915039844634069
0.9539835164835163,0.35199175824175816,0.9518041237113403,0.3554123711340206,64.010445,75.59735,0.2976585042375305,0.2976585042375305
0.9597527472527471,0.36030219780219774,0.9507731958762886,0.34785223367697593,69.81236,74.11452,0.2972267983284124,0.2972267983284124
0.9624999999999998,0.35885989010989017,0.9628006872852232,0.3458762886597938,52.608166,67.15736,0.29780815027825674,0.29780815027825674
0.9490384615384615,0.33777472527472524,0.9618556701030926,0.3398625429553265,51.853596,77.41272,0.28855312441143194,0.28855312441143194
0.9615384615384616,0.3296703296703297,0.963573883161512,0.33608247422680415,51.349186,61.837677,0.28728303143513095,0.28728303143513095
0.9678571428571429,0.33200549450549455,0.9682989690721647,0.33032646048109965,44.582737,57.378212,0.2803444144826364,0.2803444144826364
0.9625000000000002,0.3342032967032968,0.9687285223367696,0.3394329896907217,50.929016,56.232143,0.29104154824315,0.29104154824315
0.9464285714285714,0.33461538461538465,0.9751718213058418,0.329553264604811,43.133976,101.443825,0.2789022235191077,0.2789022235191077
0.9606456043956044,0.3414148351648351,0.9636597938144329,0.34046391752577326,50.14077,63.37263,0.29301063282998907,0.29301063282998907
0.9468406593406593,0.33914835164835166,0.9723367697594499,0.3374570446735396,42.089043,71.85395,0.293848707956731,0.293848707956731
0.9642857142857142,0.32973901098901104,0.9733676975945016,0.33711340206185564,39.290527,61.032593,0.2876800767009521,0.2876800767009521
0.9575549450549451,0.31284340659340654,0.9782646048109964,0.3301546391752577,35.462605,70.98302,0.28323138452932034,0.28323138452932034
0.9351648351648354,0.34086538461538457,0.9775773195876287,0.3297250859106529,37.82671,89.25535,0.28044530781311683,0.28044530781311683
0.9651785714285713,0.3283653846153847,0.9801546391752576,0.3187285223367698,38.66201,77.51203,0.2751656411423222,0.2751656411423222
0.9669642857142858,0.34491758241758247,0.9763745704467354,0.3283505154639175,35.379425,62.312313,0.2799842342941826,0.2799842342941826
0.9709478021978022,0.3345467032967033,0.9796391752577317,0.33230240549828177,35.164124,54.969048,0.2812146298472237,0.2812146298472237
0.9673763736263737,0.34443681318681324,0.9870274914089348,0.34725085910652925,24.890316,58.07363,0.29543232529632935,0.29543232529632935
0.9660714285714287,0.34945054945054943,0.9832474226804123,0.3406357388316152,30.49203,56.748264,0.29116559586228097,0.29116559586228097
0.9633928571428572,0.3460164835164835,0.9894329896907216,0.33719931271477666,23.463278,58.78542,0.2883302774712353,0.2883302774712353
0.9583791208791209,0.34835164835164834,0.9831615120274914,0.32697594501718213,28.468597,71.67458,0.27678889958442227,0.27678889958442227
0.9664835164835165,0.3102335164835165,0.9798109965635737,0.3391752577319587,33.397694,64.43719,0.2894465925182762,0.2894465925182762
0.9651785714285717,0.3350274725274725,0.961340206185567,0.33290378006872856,59.71327,63.447002,0.2858158914029341,0.2858158914029341
0.9718406593406594,0.36229395604395603,0.9819587628865979,0.3461340206185566,34.449394,58.097954,0.2937629859922634,0.2937629859922634
0.9646978021978022,0.35432692307692315,0.9837628865979381,0.35524054982817865,31.622503,64.16139,0.30155513689881286,0.30155513689881286
0.956662087912088,0.35075549450549454,0.9853092783505153,0.35481099656357384,30.07142,63.950256,0.3021729196710592,0.3021729196710592
0.9678571428571429,0.35618131868131864,0.9845360824742266,0.35326460481099664,28.648413,60.769375,0.3002549260988385,0.3002549260988385
0.9571428571428573,0.33956043956043963,0.9860824742268042,0.3481099656357388,24.116957,63.04775,0.2936312456781874,0.2936312456781874
0.9714285714285715,0.3404532967032967,0.977061855670103,0.35051546391752575,30.570997,47.692738,0.2945767787103918,0.2945767787103918
0.9682692307692307,0.3507554945054946,0.9896907216494844,0.35292096219931274,19.461994,54.164356,0.2959771378007058,0.2959771378007058
0.9709478021978022,0.33791208791208793,0.990721649484536,0.340893470790378,16.351742,53.91326,0.2878266838967463,0.2878266838967463
0.9638049450549451,0.3177197802197802,0.992783505154639,0.3367697594501718,17.271925,74.066696,0.2829413959108794,0.2829413959108794
0.9664835164835165,0.332554945054945,0.9922680412371134,0.33376288659793807,15.65014,73.21446,0.2816637941017119,0.2816637941017119
0.9700549450549449,0.33200549450549455,0.9917525773195877,0.3297250859106529,16.422758,54.294453,0.280407364111111,0.280407364111111
0.9717719780219779,0.33420329670329674,0.9937285223367698,0.32878006872852233,13.338674,62.66258,0.27828347822953603,0.27828347822953603
0.9723214285714288,0.3310439560439561,0.9948453608247423,0.3329896907216495,12.293166,65.64286,0.2810877726409319,0.2810877726409319
0.9749999999999999,0.329739010989011,0.9902061855670102,0.33402061855670107,17.604486,54.626965,0.28300380933688474,0.28300380933688474
0.9758928571428572,0.33592032967032964,0.9961340206185567,0.33195876288659787,10.864931,55.560383,0.27980914232067333,0.27980914232067333
0.975,0.33784340659340656,0.9956185567010308,0.33118556701030927,10.98766,54.251766,0.27952611090827295,0.27952611090827295
0.9745192307692306,0.3279532967032967,0.9961340206185567,0.33238831615120273,9.6977415,59.80759,0.2816211562184348,0.2816211562184348
0.974107142857143,0.34265109890109885,0.9963917525773195,0.32671821305841925,8.425249,60.71899,0.27671645807536444,0.27671645807536444
0.9785714285714285,0.33365384615384613,0.9974226804123711,0.32585910652920963,8.044033,54.461643,0.27634078893838937,0.27634078893838937
0.9754120879120879,0.32877747252747247,0.990893470790378,0.3356529209621993,24.065428,47.727394,0.28303467738690447,0.28303467738690447
0.9789835164835166,0.3191620879120879,0.9958762886597937,0.3324742268041237,11.38812,55.759716,0.2802831644715187,0.2802831644715187
0.9745192307692309,0.3279532967032967,0.9963917525773196,0.33427835051546395,9.9624405,66.18692,0.2840357297571648,0.2840357297571648
0.9776785714285715,0.3266483516483517,0.9979381443298969,0.3305841924398625,7.8826475,54.37408,0.2791530059894161,0.2791530059894161
0.9758241758241759,0.337293956043956,0.9958762886597937,0.32869415807560143,9.422468,58.024483,0.27945674188735425,0.27945674188735425
0.9771978021978024,0.2869505494505495,0.9979381443298969,0.3390893470790378,8.660951,70.47404,0.28788857197665657,0.28788857197665657
0.9767857142857145,0.33818681318681326,0.9971649484536081,0.32826460481099656,10.840714,65.133965,0.2783207332121595,0.2783207332121595
0.9758928571428572,0.30789835164835166,0.9979381443298969,0.32989690721649484,8.498853,68.24194,0.27796523581156035,0.27796523581156035
0.9388049450549449,0.35899725274725275,0.9875429553264605,0.3378865979381443,29.842365,102.62289,0.2865901387588541,0.2865901387588541
0.9655906593406591,0.33104395604395603,0.9809278350515463,0.33883161512027493,42.681274,73.52511,0.28849715028902934,0.28849715028902934
0.9638049450549451,0.3060439560439561,0.9747422680412371,0.33840206185567007,52.134026,71.52811,0.285953146767557,0.285953146767557
0.9696428571428571,0.32657967032967034,0.9884020618556701,0.34415807560137457,25.360502,64.61164,0.29239939579565116,0.29239939579565116
0.9708791208791209,0.3481456043956043,0.9908934707903779,0.3302405498281787,22.081984,61.543552,0.28305564197892685,0.28305564197892685
0.9758928571428572,0.3383928571428571,0.9896048109965635,0.3304982817869416,18.06809,47.202763,0.28405655775308264,0.28405655775308264
0.9767857142857145,0.3279532967032967,0.9880584192439863,0.33496563573883154,23.02454,49.945892,0.2876835715541878,0.2876835715541878
0.9754120879120879,0.3427884615384616,0.9935567010309279,0.3372852233676976,15.307203,53.187317,0.28951508554501715,0.28951508554501715
0.9816620879120878,0.3213598901098901,0.9951030927835052,0.32560137457044674,10.599102,48.073162,0.281120678379608,0.281120678379608
0.9798763736263736,0.2886675824175824,0.997680412371134,0.3313573883161512,8.299223,55.151875,0.28422331270256396,0.28422331270256396
0.9803571428571429,0.2891483516483517,0.9981958762886598,0.336168384879725,6.9305797,55.82819,0.29038951690147263,0.29038951690147263
0.9789835164835166,0.34306318681318676,0.9979381443298969,0.3301546391752577,7.0961976,63.113304,0.28151112779397314,0.28151112779397314
0.9762362637362638,0.3127747252747253,0.997680412371134,0.33256013745704466,7.90068,67.70879,0.2867823475125361,0.2867823475125361
0.9780906593406593,0.30789835164835166,0.9984536082474226,0.33823024054982814,6.8768506,66.97937,0.29264828108257657,0.29264828108257657
0.9798763736263736,0.35384615384615387,0.9984536082474226,0.33204467353951894,6.6533465,60.832283,0.2865336460065084,0.2865336460065084
0.9798763736263736,0.3462225274725275,0.9984536082474226,0.32963917525773195,6.634572,59.57873,0.2845458479625478,0.2845458479625478
0.9794642857142858,0.35041208791208794,0.9984536082474226,0.32955326460481094,6.6508164,65.89735,0.28512322521803574,0.28512322521803574
0.9803571428571428,0.3269917582417582,0.9984536082474226,0.33797250859106526,6.617825,64.02555,0.29263335676542485,0.29263335676542485
0.9794642857142858,0.31407967032967044,0.9981099656357388,0.3416666666666667,7.9953027,68.72196,0.29296885037091785,0.29296885037091785
0.9789835164835166,0.33056318681318686,0.9984536082474226,0.3362542955326461,6.657401,71.216774,0.29224576182497186,0.29224576182497186
0.9803571428571429,0.33241758241758246,0.9984536082474226,0.34175257731958764,6.602545,62.94699,0.29801380169288083,0.29801380169288083
0.9794642857142856,0.35432692307692315,0.9984536082474226,0.34115120274914085,6.631241,69.284424,0.29654501618781487,0.29654501618781487
0.9803571428571428,0.3557692307692307,0.9984536082474226,0.33659793814433,6.5809064,66.0594,0.29406812368633606,0.29406812368633606
0.9328983516483518,0.35796703296703297,0.9524054982817869,0.3564432989690722,78.34023,119.89345,0.312605097863363,0.312605097863363
0.9199862637362637,0.3600961538461539,0.9502577319587628,0.3445876288659794,84.098854,118.82794,0.3012334302452616,0.3012334302452616
0.9575549450549451,0.30480769230769234,0.9569587628865979,0.35,75.768234,82.49116,0.3066270088219729,0.3066270088219729
0.9655906593406594,0.34663461538461543,0.9762886597938143,0.33977663230240546,48.446938,76.326195,0.29662293111102356,0.29662293111102356
0.7006181318681319,0.3436813186813187,0.9573883161512027,0.34544673539518905,73.19925,294.61383,0.3030543127609474,0.3030543127609474
0.9530906593406593,0.340728021978022,0.8605670103092783,0.3355670103092783,145.17043,78.71885,0.2917161025083482,0.2917161025083482
0.976304945054945,0.3476648351648351,0.9677835051546391,0.3528350515463918,62.004124,53.8285,0.31432532547040576,0.31432532547040576
0.9696428571428573,0.3051510989010989,0.9809278350515463,0.34587628865979386,44.551693,66.75771,0.30631600193537284,0.30631600193537284
0.9629120879120878,0.3574862637362638,0.957044673539519,0.35,81.93779,76.34103,0.3055590412242565,0.3055590412242565
0.9669642857142856,0.34313186813186813,0.974914089347079,0.34544673539518894,54.52815,66.154076,0.29987109170709336,0.29987109170709336
0.9521978021978021,0.3445741758241758,0.972680412371134,0.3497422680412372,60.112812,94.271225,0.3030394699025087,0.3030394699025087
0.9544642857142858,0.3401098901098901,0.9316151202749142,0.3266323024054983,111.87348,85.92783,0.2803452460053341,0.2803452460053341
0.9629120879120878,0.3431318681318682,0.9805841924398625,0.3372852233676976,43.842495,71.16087,0.2901361286578308,0.2901361286578308
0.879807692307692,0.3477335164835166,0.9621993127147765,0.32895189003436426,71.33937,164.02321,0.2804700427361364,0.2804700427361364
0.9499313186813187,0.3583791208791209,0.9161512027491409,0.35781786941580757,117.87988,88.93682,0.3087070712648744,0.3087070712648744
0.9607142857142857,0.3466346153846153,0.9671821305841924,0.34587628865979386,62.462276,79.75127,0.2994213213066108,0.2994213213066108
0.9718406593406593,0.34409340659340676,0.981701030927835,0.33634020618556704,41.727627,78.21012,0.29021262965149397,0.29021262965149397
0.9714285714285714,0.3307005494505494,0.9847938144329896,0.3415807560137457,35.814793,62.578938,0.2950017070947353,0.2950017070947353
0.95625,0.35206043956043953,0.9850515463917524,0.33823024054982814,35.26207,86.53391,0.29041362913946606,0.29041362913946606
0.9574862637362637,0.34670329670329675,0.9809278350515463,0.3326460481099656,42.231693,85.01465,0.2883340243971763,0.2883340243971763
0.9687500000000001,0.3466346153846153,0.9798969072164948,0.3422680412371134,43.487244,66.35097,0.2971029708591886,0.2971029708591886
0.9789835164835164,0.3440934065934066,0.9886597938144329,0.3378865979381443,29.459194,44.999645,0.2899349281911156,0.2899349281911156
0.975,0.33255494505494504,0.9922680412371134,0.3487113402061856,21.108706,54.488194,0.3009336383022483,0.3009336383022483
0.9530906593406592,0.3520604395604396,0.9778350515463917,0.34252577319587624,48.727116,89.82415,0.2959751022196284,0.2959751022196284
0.9673763736263737,0.3525412087912088,0.9695876288659792,0.3503436426116839,58.904987,69.06546,0.3021529322932136,0.3021529322932136
0.9606456043956044,0.3480769230769231,0.9764604810996562,0.3331615120274914,53.674477,100.84717,0.29071178576658036,0.29071178576658036
0.5822115384615385,0.2962912087912088,0.7852233676975944,0.33127147766323023,206.13002,314.79544,0.28232378157635496,0.28232378157635496
0.5908653846153846,0.29690934065934066,0.5648625429553265,0.31640893470790377,313.51303,309.35208,0.2676449926565662,0.2676449926565662
0.5853021978021978,0.31401098901098895,0.5689003436426118,0.3194158075601375,311.39075,313.98755,0.2693415247486449,0.2693415247486449
0.5156593406593406,0.29656593406593407,0.5672680412371134,0.329553264604811,310.33603,319.7852,0.2757545703386118,0.2757545703386118
0.5911401098901099,0.31723901098901097,0.5731099656357389,0.3192439862542955,309.06586,311.51547,0.26993200776153026,0.26993200776153026
0.5911401098901099,0.32142857142857145,0.5670103092783505,0.32457044673539515,308.92584,308.89648,0.2732645402381184,0.2732645402381184
0.5933379120879122,0.31634615384615383,0.5791237113402061,0.3207903780068729,307.84863,314.68448,0.27005349062550077,0.27005349062550077
0.6086538461538461,0.2932005494505495,0.5969931271477663,0.33101374570446734,303.37766,302.9089,0.27622871147244515,0.27622871147244515
0.6921703296703298,0.3175824175824176,0.6419243986254295,0.3245704467353952,287.3415,272.61728,0.27443765648404833,0.27443765648404833
0.8257554945054945,0.2934752747252746,0.7761168384879725,0.33032646048109965,221.09181,200.85664,0.2765084569098716,0.2765084569098716
0.9396978021978022,0.3069368131868132,0.904209621993127,0.3332474226804124,133.08374,113.49651,0.2806325863023224,0.2806325863023224
0.975,0.33193681318681323,0.9691580756013745,0.3346219931271478,66.15161,53.794704,0.28169585860409246,0.28169585860409246
0.9611263736263735,0.3396291208791209,0.9591924398625429,0.32895189003436426,65.53289,56.296547,0.2826350843608162,0.2826350843608162
0.9771978021978022,0.31991758241758245,0.9782646048109964,0.33187285223367696,36.430706,55.79359,0.28086393417687683,0.28086393417687683
0.958447802197802,0.33200549450549455,0.9840206185567009,0.3357388316151203,29.686462,58.76911,0.28429400912988084,0.28429400912988084
0.9723214285714288,0.3266483516483517,0.9851374570446736,0.33410652920962197,23.91402,54.51785,0.2835398550490697,0.2835398550490697
0.9669642857142858,0.3230082417582418,0.9938144329896907,0.32809278350515464,13.919346,61.188976,0.2794174343693504,0.2794174343693504
0.9696428571428571,0.3206730769230769,0.9919243986254296,0.3225945017182131,15.489101,70.25795,0.2728501942488653,0.2728501942488653
0.9754120879120879,0.2881868131868132,0.9948453608247423,0.32895189003436426,11.458022,63.778786,0.27925930669969107,0.27925930669969107
0.9727335164835164,0.33063186813186807,0.9958762886597937,0.3260309278350515,11.069037,74.86327,0.2773057241470977,0.2773057241470977
0.9749313186813188,0.328021978021978,0.9925257731958763,0.34106529209621994,17.662846,58.863167,0.290709459017986,0.290709459017986
0.974107142857143,0.28688186813186817,0.9948453608247422,0.329553264604811,13.247098,64.8039,0.2781650189360131,0.2781650189360131
0.970054945054945,0.33035714285714285,0.9884020618556701,0.3347938144329897,20.083204,46.80246,0.2836872744340361,0.2836872744340361
0.9718406593406596,0.32857142857142857,0.9927835051546392,0.3283505154639175,11.884402,69.20448,0.27508271910449733,0.27508271910449733
0.9718406593406593,0.30061813186813185,0.9949312714776631,0.33427835051546395,9.9739895,62.827152,0.2832992611594266,0.2832992611594266
0.9731456043956044,0.3352335164835165,0.9953608247422678,0.33221649484536087,10.82762,68.26493,0.27889391155185345,0.27889391155185345
0.9794642857142858,0.3361950549450549,0.9979381443298969,0.3343642611683849,5.820892,53.191235,0.28241083097532155,0.28241083097532155
0.9780906593406594,0.33331043956043954,0.997680412371134,0.3344501718213059,6.9361854,54.364075,0.28318587340374896,0.28318587340374896
0.9758928571428572,0.33914835164835166,0.9971649484536081,0.3375429553264605,10.027516,59.605988,0.28461322146824847,0.28461322146824847
0.9758928571428572,0.3153846153846153,0.997680412371134,0.3337628865979381,6.865035,62.935688,0.28352658595897545,0.28352658595897545
0.9776098901098901,0.3386675824175825,0.99553264604811,0.33187285223367696,12.680064,59.511623,0.28024899793843344,0.28024899793843344
0.959271978021978,0.3316620879120879,0.9968213058419244,0.3337628865979381,8.473372,86.20302,0.2811636674886007,0.2811636674886007
0.9718406593406594,0.32046703296703305,0.9850515463917525,0.33668384879725094,32.37299,61.0958,0.28344976903452146,0.28344976903452146
0.9807692307692307,0.3381868131868132,0.9974226804123711,0.3396907216494845,8.559158,48.784115,0.2843210459476731,0.2843210459476731
0.9821428571428573,0.3565247252747253,0.9984536082474226,0.3298109965635739,5.9820294,48.071453,0.27736349921613807,0.27736349921613807
0.9812500000000001,0.33234890109890103,0.9989690721649485,0.3331615120274914,5.0850363,48.23302,0.2793098387531083,0.2793098387531083
0.9812500000000002,0.33385989010989015,0.9989690721649485,0.3361683848797251,4.9615192,51.490902,0.2851542408017149,0.2851542408017149
0.9830357142857143,0.3449175824175824,0.9989690721649485,0.3278350515463917,4.8956947,51.995228,0.27588245210623535,0.27588245210623535
0.9803571428571429,0.3377060439560439,0.9989690721649485,0.33977663230240546,4.790773,58.48922,0.2878848687822013,0.2878848687822013
0.9798076923076923,0.3426510989010989,0.9989690721649485,0.3418384879725086,4.75902,57.087616,0.2878304935255074,0.2878304935255074
0.9807692307692307,0.32925824175824175,0.9989690721649485,0.3384879725085911,4.8304725,54.84803,0.2860328797134776,0.2860328797134776
0.981662087912088,0.3319368131868133,0.9989690721649485,0.3274914089347079,4.764994,56.30874,0.2771464205138687,0.2771464205138687
0.9771978021978022,0.34065934065934067,0.9989690721649485,0.3331615120274914,4.7564325,64.20524,0.2806616932686117,0.2806616932686117
0.9763049450549451,0.3057005494505495,0.9989690721649485,0.3259450171821306,4.705195,63.840275,0.275878031722907,0.275878031722907
0.9785714285714286,0.33502747252747245,0.9821305841924398,0.3326460481099656,28.587282,45.528778,0.28289421524856917,0.28289421524856917
0.9834478021978021,0.3391483516483516,0.9922680412371134,0.3324742268041237,12.299112,45.262463,0.28030008380743654,0.28030008380743654
0.9820741758241759,0.3453983516483517,0.9976804123711339,0.32809278350515464,6.30425,49.359413,0.2781433593362167,0.2781433593362167
0.9821428571428573,0.34354395604395604,0.9989690721649485,0.3325601374570446,4.3442907,47.756016,0.2803232096671869,0.2803232096671869
0.982967032967033,0.35576923076923084,0.9989690721649485,0.3304123711340206,4.348726,53.37567,0.27934722921716104,0.27934722921716104
0.9798763736263736,0.34313186813186813,0.9992268041237115,0.32628865979381444,3.8180573,62.931118,0.274984816884624,0.274984816884624
0.9798763736263736,0.29752747252747247,0.9991408934707904,0.33582474226804127,3.7550786,59.184628,0.28359106331377765,0.28359106331377765
0.9798763736263737,0.33784340659340667,0.9994845360824742,0.3307560137457045,3.5786722,63.557125,0.2813976450379967,0.2813976450379967
0.9798763736263736,0.3427884615384615,0.9994845360824742,0.334192439862543,3.5094507,66.10685,0.28114961575290986,0.28114961575290986
0.9803571428571428,0.3350961538461538,0.9994845360824742,0.3309278350515464,3.4686706,67.922134,0.28144106556687026,0.28144106556687026
0.9803571428571428,0.32486263736263726,0.9994845360824742,0.3240549828178694,3.44713,65.52263,0.27448705412911106,0.27448705412911106
0.9798763736263736,0.3405906593406593,0.9994845360824742,0.32577319587628867,3.4353273,64.31426,0.2766193663929456,0.2766193663929456
0.9798763736263736,0.3436813186813187,0.9994845360824742,0.32577319587628867,3.4109855,69.307205,0.2751176842039878,0.2751176842039878
0.9794642857142859,0.3423763736263737,0.9994845360824742,0.33591065292096217,3.3999605,72.631645,0.28549752555575914,0.28549752555575914
0.9785027472527473,0.34155219780219775,0.9994845360824742,0.32560137457044674,3.3977394,73.174736,0.2745119165934509,0.2745119165934509
0.9785714285714288,0.3372939560439561,0.9994845360824742,0.32628865979381444,3.386891,74.746826,0.27688558091338417,0.27688558091338417
0.9794642857142858,0.3316620879120879,0.9994845360824742,0.3256872852233677,3.388273,74.93379,0.27681349968482616,0.27681349968482616
0.9794642857142858,0.3538461538461539,0.9994845360824742,0.3337628865979381,3.3845522,73.86174,0.28352828158598253,0.28352828158598253
0.9785714285714288,0.3512362637362637,0.9994845360824742,0.3229381443298969,3.3873293,77.64641,0.2734620368921552,0.2734620368921552
0.9794642857142858,0.301510989010989,0.9994845360824742,0.3362542955326461,3.4326668,75.13517,0.28607763155791827,0.28607763155791827
0.9780906593406593,0.36291208791208796,0.9994845360824742,0.33049828178694163,3.3824584,80.44254,0.28293755320405467,0.28293755320405467
0.9785714285714288,0.3243131868131868,0.9994845360824742,0.3449312714776633,3.3585267,72.32394,0.30831779699290374,0.30831779699290374
0.9794642857142858,0.33653846153846156,0.9994845360824742,0.33393470790378005,3.3640032,77.25718,0.2993705556522483,0.2993705556522483
0.9803571428571428,0.34450549450549456,0.9994845360824742,0.33805841924398633,3.3402138,73.94013,0.29764767730393993,0.29764767730393993
0.9794642857142856,0.33873626373626375,0.9994845360824742,0.34089347079037796,3.334773,71.51827,0.3104898191069091,0.3104898191069091
0.9803571428571429,0.3387362637362637,0.9994845360824742,0.3458762886597938,3.3346744,72.70773,0.3078666343069325,0.3078666343069325
0.9794642857142858,0.3334478021978022,0.9994845360824742,0.34836769759450176,3.3250637,76.74532,0.31405974095687933,0.31405974095687933
0.9789835164835164,0.34896978021978026,0.9994845360824742,0.3556701030927835,3.3331542,77.127686,0.3172299303089822,0.3172299303089822
0.9798763736263736,0.33502747252747245,0.9994845360824742,0.35343642611683845,3.3274202,76.46618,0.3028472411970778,0.3028472411970778
0.9803571428571428,0.3293269230769231,0.9994845360824742,0.3543814432989691,3.3644319,73.481865,0.3097703599839051,0.3097703599839051
0.9798763736263736,0.3459478021978022,0.9994845360824742,0.3601374570446735,3.3180447,75.60476,0.31721045202233283,0.31721045202233283
0.9794642857142858,0.3651098901098901,0.9994845360824742,0.36073883161512027,3.3530185,69.96029,0.3087440849499859,0.3087440849499859
0.9789835164835166,0.3600961538461539,0.9994845360824742,0.36297250859106533,3.3349445,82.86775,0.3103905642521352,0.3103905642521352
0.9794642857142858,0.3342719780219781,0.9994845360824742,0.3713917525773195,3.34778,77.58131,0.320173490649895,0.320173490649895
0.9789835164835164,0.34313186813186813,0.9994845360824742,0.37053264604811,3.3150382,80.340164,0.31973099223097834,0.31973099223097834
0.9798763736263735,0.33331043956043965,0.9994845360824742,0.37276632302405505,3.3214123,79.26208,0.3208157966318149,0.3208157966318149
0.98125,0.3479395604395604,0.9994845360824742,0.3679553264604811,3.3108618,74.74493,0.31475071916137987,0.31475071916137987
0.9812500000000002,0.3520604395604396,0.9994845360824742,0.36701030927835054,3.3030028,77.20553,0.3199804307964472,0.3199804307964472
0.9798763736263735,0.3535027472527473,0.9994845360824742,0.3780068728522337,3.3007588,75.86897,0.33087853100745945,0.33087853100745945
0.9812500000000002,0.3449175824175824,0.9994845360824742,0.3714776632302406,3.3041234,76.21814,0.32004764487862003,0.32004764487862003
0.9812500000000001,0.35439560439560447,0.9994845360824742,0.37491408934707904,3.3037722,78.54952,0.32374689135111157,0.32374689135111157
0.9798763736263737,0.35789835164835165,0.9994845360824742,0.3694158075601374,3.3572536,75.62294,0.3194455724818388,0.3194455724818388
0.98125,0.34134615384615385,0.9994845360824742,0.38092783505154637,3.2904587,76.37445,0.33470327486059465,0.33470327486059465
0.9794642857142859,0.3413461538461539,0.9994845360824742,0.3804982817869415,3.2884922,84.39051,0.3282044612360422,0.3282044612360422
0.9798763736263736,0.3616071428571428,0.9994845360824742,0.38101374570446733,3.3307774,81.59721,0.32920768051609783,0.32920768051609783
0.9803571428571429,0.3471153846153846,0.9994845360824742,0.37646048109965635,3.3030307,80.41215,0.3269535899868835,0.3269535899868835
0.9794642857142859,0.3650412087912088,0.9994845360824742,0.37371134020618557,3.2954533,80.75519,0.3354133742529085,0.3354133742529085
0.9807692307692308,0.35,0.9994845360824742,0.3835051546391753,3.3197846,79.59304,0.3431048942335039,0.3431048942335039
0.9798076923076924,0.3646291208791209,0.9994845360824742,0.37835051546391746,3.2838738,77.22424,0.33337962342534466,0.33337962342534466
0.9807692307692308,0.36861263736263744,0.9994845360824742,0.3798109965635739,3.2795644,77.934135,0.3319786490936615,0.3319786490936615
0.9812500000000001,0.3696428571428572,0.9994845360824742,0.3825601374570447,3.2837245,78.40598,0.3375229666048287,0.3375229666048287
0.9807692307692307,0.3538461538461539,0.9994845360824742,0.37998281786941573,3.2864304,77.822945,0.3334555097552715,0.3334555097552715
0.9807692307692308,0.37355769230769226,0.9994845360824742,0.3862542955326461,3.27437,78.442665,0.3407166118542023,0.3407166118542023
0.9793956043956044,0.3726648351648351,0.9994845360824742,0.3821305841924399,3.275482,84.924355,0.3346757423214635,0.3346757423214635
0.9803571428571429,0.36201923076923076,0.9994845360824742,0.3851374570446735,3.2680435,81.48187,0.3405442565674732,0.3405442565674732
